longitude,latitude,housing_median_age,total_rooms,total_bedrooms,population,households,median_income,median_house_value,school_quality_index,distance_to_highway,property_tax_rate,climate_zone
-94.37858707299057,47.68897028411847,51,2589,337,7133,1332,36827.30691874599,451800.29589978966,2.7022519002068615,1.7387128411953543,1.2288213956425527,Humid Continental
-89.88442841000266,46.716578198064724,16,1539,2528,1097,3539,33440.55614935516,523564.4014592537,9.301307362030926,22.29382333837144,1.256550993517603,Cold Continental
-91.59044725387103,45.35716569771797,66,5670,2630,3562,3511,83349.33284407374,433517.2541855103,7.2606218711865225,11.648974818219228,0.899282343283171,Humid Continental
-92.63046382326311,48.382770118241694,12,425,2060,2836,3572,95864.75438565743,421460.15237642685,6.496936576165347,8.068680182403558,1.2897144865306287,Humid Continental
-96.08305460454899,47.608387035323275,25,4365,1148,13380,1187,92561.22679463739,470184.5214900507,2.7985714415374554,11.963885653861047,2.0074951103622194,Cold Continental
-96.08324274137762,44.475701636069346,74,4612,1776,10379,3521,73504.458229299,295252.5616496701,1.499725295282355,8.025771957839448,1.126301936647169,Humid Continental
-96.84694782508804,48.96556310696305,76,7773,2629,1072,4815,37989.34569089425,460688.4850042032,6.116184086571459,12.276990805159736,1.773262452694092,Cold Continental
-90.5438260629555,48.43522345753901,29,4168,1063,8021,5154,85043.55550688111,93663.62618290752,6.863641149960031,21.502954283256628,1.6814796829140297,Humid Continental
-92.61130290840298,49.19879947975154,16,1508,636,6671,373,49351.11068433168,515298.0854733302,2.8970330441921943,14.848304139446181,2.008878451716762,Cold Continental
-91.77703389319085,47.85431705033016,19,7506,1703,7597,5662,102885.49622139068,293920.9943779006,6.008105852429107,17.396878942973366,0.9852031267114536,Humid Continental
-97.13944094449273,47.18049117561474,63,5642,2079,2590,3941,97061.2287636564,344554.88641824387,8.708440624863162,9.18029983823498,2.1686259444830607,Humid Continental
-89.73470315313645,46.00945821774371,30,7651,227,14492,3252,86750.63736699127,207245.83450084587,8.51559350909518,18.488796374911917,1.615680104456512,Humid Continental
-90.80694740175672,49.09637090012408,30,6938,191,7066,926,105907.67646649043,431564.18310659385,9.346196625276674,16.69876541349637,2.19366381328554,Humid Continental
-95.64375493670944,48.69638333700245,51,6870,642,12361,3960,32513.745720901836,125252.47097861445,4.292972286011924,3.0770937440262056,2.076120616212191,Humid Continental
-95.88176525578461,43.77131202063714,36,3549,945,12964,2075,88896.03400486097,491412.46917154425,3.8624461529582685,14.358807042578055,1.1101241809583482,Cold Continental
-95.86944482314321,43.65820184698351,14,1218,1781,5124,5977,56419.422346912426,470933.74134291767,7.744834053827278,6.492913058112974,0.8786268138646384,Cold Continental
-94.92691050491561,45.758780201268294,20,7895,1951,2133,4233,102485.27085490922,189387.65347259253,4.880011645873045,20.12198217387646,1.1578947313135062,Humid Continental
-93.20689983326855,48.363319984690996,75,5713,2594,13753,5643,51334.01573295821,462289.2232112207,1.7879379762500256,10.705848940826792,1.5385891085991878,Humid Continental
-93.9308288545915,49.42365677588967,21,4223,489,2017,1189,87988.51994520136,451724.5572082815,3.5452101760344976,24.86763571339253,1.040234913891266,Humid Continental
-95.02841270645527,44.40250134662117,27,6594,2819,12985,3944,100211.76157206252,380819.6349668165,4.767240569783402,2.4032609046801983,1.034443642325184,Cold Continental
-92.52754742116544,47.06478429211281,30,6827,1984,11349,2886,33332.5454706146,261819.28137385627,3.632647829286268,19.53066178222995,1.4476309659472144,Cold Continental
-96.21194788691407,45.78534513978613,11,6057,142,4148,619,61811.80636736289,214889.42692365922,3.9898501385258944,16.875173165199698,0.8465751596371018,Humid Continental
-95.0212717414253,49.31948638688762,18,4703,353,13640,793,90984.7225617551,196620.45153310103,3.643983155569517,19.210720881708568,0.9706433155451787,Cold Continental
-94.44237762230921,48.55271353881425,11,5755,1183,12280,1974,66393.51116060697,236560.1228712593,1.3734925046477149,7.757491907712362,1.3822058751711266,Humid Continental
-93.74265412310712,48.52997222826683,13,2269,2810,2037,2659,51380.210383487625,505636.88397896395,6.7338523074199825,12.352156785621773,0.8883818728911531,Humid Continental
-91.1756275011345,46.31215895876982,52,3093,2614,14857,1135,47584.427905855206,125714.7569548394,6.375631783181223,19.933062141120338,1.3554570790377412,Humid Continental
-95.7425444991648,45.98891701402599,76,1191,2434,13868,5403,40521.46135331023,471280.78707636095,6.880451486308125,5.890279157359289,1.4636087723278233,Cold Continental
-93.28897138037382,45.14044243158424,63,4770,1640,3637,5432,98570.36478850259,250489.43451923883,2.7307890643026473,5.728226600037436,1.4317732597023602,Humid Continental
-92.67916636287606,43.83825297990556,43,7475,2053,7485,4008,76028.43226012448,329935.7221652247,3.6608908745123676,13.821168737043815,2.0168448003643222,Humid Continental
-96.93768678078402,48.68833425753032,22,2333,2925,597,531,36110.79559931648,455463.3914783057,6.5765433425043005,13.136733130293408,1.5420874370724256,Humid Continental
-92.56115015516878,48.377406054780465,63,1664,2492,11907,3649,60606.42588565084,496813.2116305668,6.396648116139293,7.128335513282027,1.4551726474692608,Cold Continental
-95.96991183523912,49.49830603971678,21,428,741,14691,2902,59418.692064408795,248599.45323341762,5.55697278418841,7.522083698068086,1.3749929435483328,Cold Continental
-96.79259757471482,49.47982102244343,18,1314,2529,13222,4206,44539.13525675704,302448.0013865507,4.153719250091777,7.01834456384348,1.9446727296262807,Cold Continental
-89.898692809424,46.83259023361576,35,2099,789,13424,5254,64840.61003777525,280677.38981572445,9.216379042972209,19.310650343762344,2.0530792455997666,Humid Continental
-89.76807014201843,48.11392449108306,28,7112,1376,4250,4068,56567.94923145091,96095.47541179885,4.057932180689594,16.33233155250527,1.9945394568759647,Cold Continental
-90.9945006846916,49.16859437929457,64,7819,2050,11849,4400,57344.2964393746,226133.72887498204,5.100572407935264,20.827187866915292,1.7429652093839474,Humid Continental
-94.92401260044771,48.59788434406447,49,5777,1179,13375,401,89122.1246230367,301227.04751697846,7.103024478587878,24.389278405019144,0.992306444356144,Cold Continental
-96.53815751075021,44.98408861045919,7,4912,1586,9035,2697,47861.070840415705,279103.06008500233,5.887192877800877,11.906690977172461,1.1876179572888172,Humid Continental
-91.96298239320518,46.203264811860564,41,1818,556,8674,2042,81348.79670842843,422087.44465721253,4.121973787279471,1.7606776469956764,0.8644882891547685,Cold Continental
-93.86681054883111,44.27495649090897,47,4481,1082,8603,2066,75651.96991047479,267009.6639217075,4.920803114108589,1.2974985292596823,2.10315370498616,Humid Continental
-96.34810176821073,49.224306163552335,44,1498,2230,5913,2196,75447.40098702938,315113.1665265083,8.150327360681555,7.462059477863316,1.7251179415672746,Cold Continental
-93.4376201011321,47.13704780670528,59,4173,1222,14767,5585,83040.58769134208,287619.9523808871,3.503162399379512,23.320360274876027,1.8449080380385383,Cold Continental
-97.0317695353013,44.87185683302078,43,7660,248,5166,1109,73870.56289565231,430688.0284914104,2.2802971579913387,13.128005068774783,1.2362004354151206,Cold Continental
-90.2073008637855,47.53020410643514,19,6754,1452,1110,4505,100340.40918771077,486967.30353400274,3.818468816467994,6.867484250395215,1.9839149311882796,Humid Continental
-95.28151614351987,47.208769442747375,8,5538,1279,2227,4858,84046.40735602079,334668.97634345654,8.645807939391112,10.039253183324385,1.1634445971918699,Cold Continental
-92.13232618203894,45.64897630819704,29,7685,289,10982,3389,73757.06010971105,453138.80932978797,1.80090743370712,15.005018174376302,0.8023012599574296,Cold Continental
-94.86865360650259,44.18134555319777,17,2774,982,2354,5859,96381.0496230116,226521.87372913127,9.925264660352067,16.35844648763227,1.3269809475289716,Cold Continental
-93.24346943481308,47.529439173556796,37,6389,2410,11300,970,78491.72519467838,339030.0206723436,5.869026090348963,3.932595793594335,1.599066073342703,Cold Continental
-93.03565982112242,46.62184620542276,20,3785,499,5555,3355,53291.53982281432,248805.77868818733,9.863611695703845,24.428088745974883,1.4701868011517316,Humid Continental
-95.85813524690089,48.133910350413835,46,6557,2911,10771,2701,46567.5934541257,280532.42576304195,9.450967798773798,13.66482845187144,2.0069065996072357,Cold Continental
-89.73723990343645,46.62098100667196,70,4349,708,2824,2914,42186.222853014304,426910.37781382754,5.075323427898251,3.4786391130277545,0.9475674003386337,Humid Continental
-91.2539639777833,48.61308900191124,59,7612,1895,13319,4924,101956.41700368813,495564.74187304784,2.786419671448142,22.35151780831873,1.575352816887216,Humid Continental
-89.97190825579932,46.81144103264691,46,4019,1738,9869,3785,86810.83454384527,145887.8799003721,2.483962989086246,1.9584969338777771,1.5181710897492704,Humid Continental
-90.32034666666434,46.865627829212315,38,602,1675,9783,1828,104990.27505314565,381934.057984195,3.1599042748296178,22.702612286120065,1.1939501750410284,Humid Continental
-92.63638016527354,48.75992161595007,34,7187,2932,14689,5997,78263.34445719543,357786.1514857873,7.3911937650808355,24.914484841595662,1.951119357607815,Cold Continental
-90.10938096681969,45.920897197274385,17,4252,2248,13671,586,67872.070519593,144470.91802092866,3.4565499525833907,17.540751798996947,1.853988118235089,Humid Continental
-96.60975848399502,44.304091370703844,17,4983,1482,6274,3621,34777.31911767115,187471.3920024502,4.072827426438685,19.284135804742345,1.8260028622645634,Humid Continental
-95.77133367313067,43.67269605788003,22,1286,1503,7019,5400,83731.38252368238,233061.1475770329,5.039009235951533,8.49884062804041,2.026669469577379,Humid Continental
-96.9472271464978,48.030823534041716,36,2163,919,11483,4208,76576.7007814585,166788.29257605068,9.219094123793107,23.54526363307495,1.8118984408701297,Humid Continental
-94.76242342004653,47.22185730812079,43,4740,919,14914,4293,109216.71148700971,202115.56196119724,2.704540760963615,13.289877756098353,1.124577808400617,Cold Continental
-94.26831714042204,47.72447860859534,50,5209,519,2249,4563,49132.70222257944,213096.36747638544,1.0452389734882281,18.336472320279118,1.7877877963095676,Cold Continental
-95.18347755216361,44.777784969053464,33,6383,223,11367,2666,72458.98842294686,244409.96319796742,1.5408676934035315,23.11028212619086,1.2307839387457815,Humid Continental
-90.83584742861495,44.318228853520615,66,7244,521,1281,2482,82076.58680944581,434719.60828853317,9.142897075121061,24.381981401790156,1.1390445104864588,Humid Continental
-94.51732405179,43.58726799400729,66,3372,1608,8048,2056,81567.2939793875,353079.6137712763,6.827648183590268,20.846788479257192,0.9022050300594783,Humid Continental
-95.10871082443843,45.60352535283958,61,7614,1697,11740,2198,74903.48343587221,543673.4690976447,3.457365573950261,7.645135923852546,1.8416400124867476,Cold Continental
-93.06697055136566,47.0395061211278,20,5706,867,7323,5676,92154.24082617804,280778.4804050367,2.59473250910072,24.16703316214685,1.7954013467297358,Cold Continental
-96.20079104519685,45.853464270598394,60,6395,2144,2605,1436,46398.49676214531,436777.93396498554,3.648400629734029,15.740176327964937,1.1282992687437314,Cold Continental
-91.04286355011848,46.12484953214238,14,6073,2630,4367,4869,88050.17602195326,490875.4738332055,2.033172345261521,23.2729976611638,1.8491306234138185,Cold Continental
-96.71850497929779,48.92495216696249,34,3424,2666,7693,4344,79578.76571464713,402330.1067974993,9.47379619255997,16.93501514277736,2.0849772363309746,Cold Continental
-89.60228189451597,45.5895328021398,29,1627,2302,5476,1350,101686.00894356586,279457.7805920482,8.057855569287401,7.750250150008239,0.951240540488211,Humid Continental
-91.27649079948607,46.583936934958864,9,5488,2239,13234,4518,97775.55512268654,436653.53014304634,5.161520592212867,9.313610651156116,1.1256912937414851,Cold Continental
-95.75001768403345,48.20191807644686,69,2708,1649,2613,1631,55211.76313060426,183686.88337543502,8.784663446036816,13.806747249863218,1.850365111722242,Cold Continental
-97.2569274864359,45.87925669392762,53,3973,2602,6379,5824,52098.98599801224,240673.9959828609,3.2451238386390906,19.771369554841062,1.1843093429099096,Humid Continental
-90.9394008580523,47.232520201367244,7,3591,1864,14065,2019,108532.26590819583,341475.21734567283,7.4540851162497415,8.017765528374339,1.6745295639972038,Cold Continental
-91.78651271798859,48.67418225248047,49,4333,2144,4470,2524,72181.21447322052,354688.31815162825,8.705192491123691,14.535306036741382,0.9136299142492004,Cold Continental
-91.6137440892803,49.19712374194585,18,5405,2745,10683,5757,102513.67711315495,100185.07871740955,4.210918404609453,8.706062340052398,1.4330834707449545,Cold Continental
-91.28409129584962,44.382440885574226,34,1003,609,9759,1330,43110.48190243858,524752.526827764,7.817180009056459,20.41265817541417,1.8347279907901344,Humid Continental
-96.7224517164741,49.059525750968966,72,874,1306,7764,5977,81425.51318401395,410448.5447599994,3.655651143378784,11.721529534821965,1.7611195202605536,Cold Continental
-94.50396731735466,46.45269775847723,22,6004,485,2077,2858,94788.81498884689,318023.7251066699,3.689714217331277,2.010398388636842,1.9411009409461297,Humid Continental
-96.39622133570398,45.04946632979375,66,3532,1697,9703,3700,105791.61996691575,519238.52782782185,1.9635146069876745,4.234707784890255,2.0284329772444365,Humid Continental
-90.56779327817037,46.25481453742957,41,5508,2552,2774,574,56987.21128136187,291983.9600153811,4.960522418584588,1.621506223728844,1.8824569017622617,Cold Continental
-92.43827461074505,49.380195451712865,29,5083,2393,5369,2320,87998.4935939242,541000.362324371,7.5674071584768,12.532643355756697,1.7402228401144963,Cold Continental
-94.71899540614933,46.45570856395722,52,7224,841,10506,4220,73105.04072316951,325650.9883320031,9.461987250141565,2.7477987039708562,0.8444114885424436,Cold Continental
-96.80424486776901,45.47250966172505,69,2932,2808,7244,2221,34850.314085317455,142571.45419907055,6.434172927361865,2.9420852358098393,1.5489533427732218,Cold Continental
-94.87433789061784,47.300405125900355,57,4128,2797,2926,3905,85199.97898471548,441808.4473312675,8.76821983962165,23.532101674955587,0.8527768148807939,Humid Continental
-94.76357008819137,44.94087371266916,77,7032,2011,13989,5349,85207.72465902747,402292.9535358066,8.402451843612043,21.82911129718378,1.9312949439624318,Cold Continental
-91.6090718089631,43.95517996865198,19,3530,1546,6046,3459,104448.54438772296,445573.8918005699,2.560087476777528,11.356956260603011,1.2490143342439408,Humid Continental
-92.32705172342934,44.27327833146389,53,788,1000,7352,3635,69784.99569351779,527663.3332138134,5.372356860213683,24.646552489170123,1.5874011237650896,Humid Continental
-90.37974060790465,44.26827503374663,72,7414,2212,13094,2089,48420.073656841174,447185.07921946835,2.0523118197285233,0.10464455144951154,1.1912234302464637,Humid Continental
-93.6167235837368,44.41141616107377,16,1647,2360,13566,2023,33565.10587589433,371214.83701965754,7.1393784540547145,15.388088461207504,1.8955002021324112,Humid Continental
-96.36716488168125,44.33296303589646,63,3981,2109,3051,1674,63251.37493487245,484362.09508598683,9.549097014214684,15.449061616559563,2.041103537298664,Humid Continental
-91.73669065966064,47.345248468819285,41,7848,341,6911,2442,54153.336006200145,399693.3621030845,2.2338051227088087,11.490332091160216,1.3580994918982896,Cold Continental
-91.3658766207882,44.59128050639487,65,3473,2640,12349,5475,90887.06448191004,277734.76613992464,7.604948177222871,9.984004526063892,2.008091350915385,Humid Continental
-92.92203785895794,45.57400369994318,47,4889,2485,507,3443,58341.42118728373,497385.0915512157,6.690143357810749,11.439040073467128,1.1739050104388653,Humid Continental
-91.28645599635442,48.88073045943607,74,1967,2120,8587,5360,105925.69570518752,192074.21196081152,6.252445333072898,10.432514858384042,1.5485252923057335,Cold Continental
-93.44839434835775,46.343769841577235,43,1937,272,3055,3334,106984.81623902274,418734.9864580131,4.511082112195053,18.289262689309254,2.002266001774186,Cold Continental
-93.22268393082044,47.50534643112616,60,4414,771,975,2270,79672.68721741665,495519.1892727482,4.196184829784313,3.470350330834773,1.2562338796621066,Humid Continental
-93.9651800568033,44.53391922720978,67,7921,263,5916,559,104292.82296119063,426405.5990635163,1.4072427011699906,5.02121659271914,2.13565917110932,Humid Continental
-97.10173081139605,44.65373411285202,50,3853,564,10903,2241,90868.34756115965,410746.6927647742,2.9611783742681212,4.5949038869713466,0.9706313024939371,Cold Continental
-96.45844686945222,43.745211697598876,15,6840,596,9176,1341,73748.7712780101,436213.61527304456,1.1365919405814422,6.635517569519486,0.8255850976129088,Humid Continental
-97.05485235164348,44.513610378432986,66,1300,799,7739,1835,44424.634833822245,303925.4142182964,6.232753950238185,13.178934627661423,2.065789493609467,Cold Continental
-92.3359987921425,45.17154203419175,29,7746,2542,7210,5699,66687.8354811072,492118.51379223197,1.9526791229011797,2.869097808721646,0.8961081326070212,Cold Continental
-94.84802334760465,44.56206290566048,75,1150,802,5500,4200,74869.9570690094,183580.77856260195,8.857174546267444,21.717415453629954,2.1886448743264886,Humid Continental
-93.33314860891532,44.03221520254233,56,1688,2040,5154,2143,99116.92645880081,148597.75136015608,5.708287186274487,7.50430212958096,2.131955606770749,Cold Continental
-90.22098150337648,44.223815226603605,8,5750,2455,8578,4974,68506.67012285319,221334.03885451533,7.297209181528376,4.147195887970825,0.991829274050849,Humid Continental
-95.35552061263877,46.264672608196356,63,4012,1891,6563,3561,101813.97381423654,334525.60251649685,4.697713826564469,16.92297060899626,1.5526184759695922,Humid Continental
-94.09901320032209,44.73800231043475,76,1667,282,2785,3180,83947.91832187751,324858.4258882955,6.045218281009438,1.04834888492305,1.058888416454002,Humid Continental
-91.40670111936421,45.685619166288454,24,1121,728,5723,206,40959.92504429371,467475.42853122985,9.483932592699674,15.537217265366687,1.3994172422421678,Cold Continental
-95.51537430916534,46.52050362512914,67,754,2657,14021,3467,109598.50954600744,276101.581945848,1.744606356613037,17.485140923844845,0.8859951809637658,Humid Continental
-96.69955670333542,47.64236897177619,58,1924,1831,7471,1791,72178.612860313,312798.43609409395,3.2854399473132654,5.451421631529307,1.1134944229152255,Cold Continental
-95.03993866727261,43.73587283904659,78,3072,645,13255,5128,61348.66371272631,96149.13429932199,8.019894942194899,1.1449054287464937,1.3085819149584594,Humid Continental
-96.04247395941876,48.296462393454256,61,4026,1687,4025,3464,82729.10115756212,278480.048763752,1.8886348619439928,9.154769437094295,1.4141065003444768,Humid Continental
-90.04835831172792,47.267402336945445,45,7532,723,12031,2806,38711.465118483124,387976.14715715736,1.6809499351369976,2.554996333024218,2.1684947614924504,Cold Continental
-90.99666103939755,43.990554191693235,7,3447,693,3322,3419,80923.09174026834,97133.8320882324,4.253872588786347,3.0002984568660933,1.931011903957574,Humid Continental
-92.3594506992187,48.74147174464066,10,4389,843,5443,3473,69858.88003994184,219205.70398567212,1.829511626251891,6.431104662977127,1.8323739220367248,Humid Continental
-90.50260739653581,49.02523440319088,9,5106,1868,7030,1113,62533.92559988665,185659.92527311936,6.265705979855828,7.457151323206306,1.551857840638764,Cold Continental
-91.03135780018691,43.86646775912918,9,2490,1559,11616,2211,106241.60169431193,109313.29729841059,3.0364772573493983,13.296261491433372,1.9759968648460808,Cold Continental
-95.84475354068891,45.16126588888322,58,1216,2048,758,1642,71803.17733856426,310459.6413606872,9.06128166879435,16.991957949025025,1.2750519699179956,Cold Continental
-90.33803981177817,48.33720767875837,51,4286,2701,782,5746,47529.39835759507,173592.714884952,8.05150072760731,14.8599964276676,1.7924587578826428,Humid Continental
-93.09313051305793,47.98955814230195,53,3175,2168,14437,3254,66717.07835018389,431817.50823043485,7.297346854895285,3.7941723985089686,2.191297565529441,Cold Continental
-91.00196678972031,44.60712611613826,13,7048,2701,2398,5798,103550.99236581381,480046.8265311403,6.552496246460517,4.384942208070398,1.2404804725092784,Cold Continental
-90.31048786059675,44.75609594002026,24,5892,2544,4635,3746,44087.637706447575,340969.184027808,8.771191573073171,21.98135431984357,1.7436245488375544,Humid Continental
-94.81957289521947,45.72283261674829,65,1740,2772,7129,4421,47116.563095058955,541585.3775597252,3.0075585538848117,14.00297264509643,1.9820408098133355,Cold Continental
-96.44159498868412,46.40713791114613,39,4700,204,11668,5112,31042.3654205667,297220.14287647384,8.857979584878048,21.761452039152456,2.0821306166909412,Humid Continental
-95.52210573217285,47.209528629181776,54,1035,2339,10959,3128,31135.203951661373,326149.37670346117,8.105430685816472,9.351508131864872,1.8051057673161426,Humid Continental
-93.9685592487152,45.713481837418634,66,3868,116,3700,2029,96351.330156681,545040.166820565,7.73344743748917,15.398560185039962,1.1970510927839908,Cold Continental
-90.91948482580456,46.27520829679889,21,6734,492,5610,775,88569.80854743646,196512.28054392245,6.051301102674317,13.139219059759807,1.256795012196525,Humid Continental
-90.58630145060052,47.98482562880254,7,6359,524,7667,5711,58403.284516156666,523571.1322513764,3.216197448735401,8.046174896529518,0.8290612449735499,Cold Continental
-97.24577338185671,43.72009921734359,36,6545,2276,1112,1129,85864.89257820582,109705.2753547921,4.8119312439270665,11.800892763636524,1.8652403687401138,Cold Continental
-93.31617103989498,45.01462166606412,17,6405,671,14703,3959,61616.47410479761,295337.9695210696,8.142135890849215,12.612022832990608,0.859835448486732,Cold Continental
-94.04419417543953,47.78009751530732,77,3638,2176,1187,3899,106231.7436798262,122201.61558121025,1.28600635921592,5.099197271441296,2.010513296443844,Cold Continental
-95.5675590783283,48.871241026123194,72,7310,1220,4190,1663,107364.21451408279,425447.98174027575,8.038456923373825,7.943758272180616,0.9661248602643544,Humid Continental
-96.36505013479727,46.570064652694,18,3315,341,9304,3475,61423.502064747474,369868.1105048082,3.1606366643880985,19.806102787623693,1.040627116990294,Humid Continental
-94.6666016630517,46.69268091159189,15,7417,2379,2807,5128,98337.75250726944,415051.7611950943,2.2987828064944273,22.903127162407767,1.4671370591651325,Cold Continental
-89.94530430948235,44.14303206803866,60,3189,888,7633,1254,91847.1233357973,262260.98398528784,2.0413118636227194,9.058872929277955,1.8330325812362394,Cold Continental
-94.7790171302381,46.18447420094073,71,1261,814,11705,5944,54799.994973743145,259961.68965443494,1.245250107557336,7.743609827004552,0.9946030872787088,Humid Continental
-93.25343315040175,46.69570359873014,33,3289,858,7009,2100,48563.18631208848,110846.86832201152,5.712278366993076,4.960409397839874,1.416099505093098,Cold Continental
-91.81645212061761,44.95482302180838,13,4148,2949,10473,1657,66658.7720314267,250974.6721836343,2.9643388542435654,16.994430099399473,1.4759917841741468,Humid Continental
-94.4636891014415,45.11545938569628,71,1326,875,6406,1599,92507.9072491525,517472.6650405473,9.904885892016685,8.145182571491798,1.097199898336028,Cold Continental
-89.72009975477651,45.763704978627736,29,6528,2873,3091,3615,106813.42277829963,264444.20710300654,6.169930802849852,24.694963523569793,0.9617817273528845,Humid Continental
-89.79291109945153,43.62042718666636,46,4165,2347,11388,642,91086.3255093258,472429.1448621062,2.2409674242040936,8.209551571392435,1.9709892921798955,Humid Continental
-95.33609809256215,45.43247499349907,13,6771,178,14335,3850,98416.5588014696,477469.73218496965,7.198862867302288,9.91398756488744,1.5034519096678718,Humid Continental
-93.42146165403939,44.76868804197927,44,3163,955,14718,4852,78245.14449364133,261690.93193444755,9.079692098587527,15.123021485679665,0.8201337303778142,Cold Continental
-94.95314918342919,45.46498411306749,29,5869,2614,12650,1378,96832.62646737006,380714.79298224696,7.706615458326529,20.061938900463495,1.9241738218327455,Cold Continental
-95.07824414385576,44.21857279091551,9,2801,2728,7683,4658,92753.66864027342,133870.93704560696,1.687958749355029,11.791014767106278,2.1731113275804192,Cold Continental
-97.01228181063465,48.84316368443937,15,2247,1539,5748,1457,60158.843354102406,137692.14713776717,9.062957630733935,10.624135241345062,1.6482966735799462,Cold Continental
-92.5453981949568,47.06155472132429,63,7072,2596,9266,3834,74159.22416965768,112382.52528438813,8.145364472739683,24.891382056510725,1.5051917419176992,Cold Continental
-93.37910361881488,47.57461391486694,42,7688,2234,10602,2041,94380.24975917558,357266.94295255037,2.424735100950529,0.3612916643846166,2.0297822082629464,Humid Continental
-96.89846574025007,48.23502743164403,76,1477,2248,5608,2509,33684.53873519651,285992.64970800467,1.4660729985953518,22.387125692396022,2.133523505558438,Humid Continental
-95.12655757895443,46.490653193574346,9,5060,1131,4104,1110,94646.34258846639,342094.88406555046,6.015795177828776,3.813606565899462,1.856351682263445,Humid Continental
-90.2155260894601,44.02152172852454,52,311,944,1169,4540,44231.04992392188,329693.6676338584,2.404322302059792,19.669539377601943,1.4236341016280032,Humid Continental
-95.43141725279762,46.722639250911286,22,5552,186,4864,4837,71174.68936971511,251093.37590173594,8.51131857335745,15.486495840172818,1.6291099590640168,Humid Continental
-96.16981999768846,47.021046708125276,74,4699,2190,7829,4209,94662.035164475,401637.7708187975,4.225011910045064,8.611997408902491,1.781309511025199,Humid Continental
-93.482268469835,47.97263684510598,41,3664,507,1783,2369,50305.68625253559,438910.86522153975,9.216032002629179,21.859486392473357,1.071982999402522,Humid Continental
-89.61192645793732,46.089957277378076,64,3322,2811,1423,2372,49664.59514449224,96728.99908373083,6.091193549269052,0.4213899767267002,1.4260814451030135,Cold Continental
-95.41196888221029,44.26548181677338,52,3671,1768,1625,5868,62221.15187698015,185331.45789368404,2.6440514581570134,5.744597236665599,1.961749770604199,Humid Continental
-92.05734273023414,45.20265543479235,32,6159,247,2029,323,101571.42380621076,418088.4993183349,2.256389806238201,14.215630626613446,1.7166154878978204,Cold Continental
-91.35936700043601,45.67849377839181,73,3130,2424,14546,3358,30035.42251497663,267845.27941156377,6.188251938019786,8.85340227523748,1.3756856940965958,Humid Continental
-95.44642715685929,47.37550344798961,44,342,331,10286,985,102110.6477313548,394742.6155931398,7.856952506761996,15.298399633426357,1.728707547620554,Humid Continental
-91.6199124808275,46.92466982801347,49,1243,2050,8938,2616,42304.56197132862,249602.82347789686,8.033550829679639,0.7003438158758039,0.9655113769014438,Cold Continental
-94.43129156478982,45.636580355387075,66,2690,465,4211,996,109206.91008539856,269747.370071633,3.4818166399715316,2.9998273689946418,1.362096654790827,Humid Continental
-92.36801452137009,49.41909149275788,62,5745,1774,8504,4372,106387.75944307745,162992.28189725504,2.838220830209507,3.264696381439137,1.910379953148279,Cold Continental
-92.35846825606502,47.13464891614132,71,2845,535,10252,4354,69574.01516730266,208786.26904643362,1.1508067404314417,4.813162783308634,1.1087123019913072,Humid Continental
-93.12095746421689,44.923360750415966,60,2711,498,6774,5819,71017.61982501025,368489.4084534901,7.112792360810524,11.537352875933514,1.0603461105803849,Cold Continental
-96.59573979357562,44.11069483572242,44,5286,1334,11092,2136,68523.94722206835,289255.03120497655,1.6891143259018508,18.828004618634925,2.1311461238830045,Humid Continental
-90.78464053440395,44.41715483510599,44,6870,1514,10935,2356,80835.49165276182,446179.23415451375,4.786850815893333,22.647917064429638,1.0938566814207231,Cold Continental
-94.79791549322046,44.97574637030705,37,1304,2646,4364,4007,37257.73617879448,482189.07927163766,6.415139476164665,20.900776004077727,1.1652860115102355,Cold Continental
-95.84515561888114,44.464088239557334,10,320,2687,10631,1501,32609.43586732532,339157.35237970954,9.433980504277093,5.00250800721452,2.1574623144660734,Humid Continental
-96.98195389587283,44.619402144307834,23,706,662,13717,4363,34616.23427327191,438802.9543457872,3.8062192326019177,11.084648750542746,1.8285919983710361,Humid Continental
-92.6910350431317,45.21057101216308,44,7062,2589,8333,3340,65549.22793932115,231176.07606950222,3.247949462018678,5.065348784187521,1.7794351462329396,Cold Continental
-92.0149979776302,44.540241571768526,63,1314,1384,11761,3436,52043.83513755867,280886.759084036,6.887441388574886,6.685348235013049,1.994096937396414,Humid Continental
-97.17061493436272,48.88059254775855,63,4731,872,7288,2552,79763.1649896795,417877.7310597422,6.573151288482235,12.638319839645964,0.962152315131512,Cold Continental
-93.30567414526561,43.98140247396985,52,2138,2497,726,2132,109395.38314998231,267657.5166958341,3.988988049773121,1.7959147156157111,1.78833873121201,Humid Continental
-95.53333295345608,46.64706833742153,45,3488,2137,12239,2921,60905.85384611727,360712.27017313486,9.352916519588078,5.532540806872502,1.5051640530595347,Cold Continental
-92.26765223480629,45.96238096193797,17,5543,2667,764,564,75907.30032836107,175271.47837795527,8.603760947406695,23.390916216547218,1.960810896397796,Humid Continental
-95.93994185376107,49.394271701451636,49,6842,1443,10087,5116,63248.31167258684,365894.80488642905,3.0158429127857302,11.706295687196375,1.5113984061312722,Cold Continental
-91.91068564280076,44.172233413008314,57,7236,2285,12249,5698,97781.73341774875,486296.30532437103,3.1522829089107085,11.190124496849016,1.6683378959764772,Humid Continental
-94.2834642988558,45.88713359427445,46,6223,1673,14245,2590,102178.91227697904,489574.23431877577,5.610703121983725,0.4627221533068445,1.4688389769593504,Cold Continental
-89.99350608785348,49.31682259965221,67,1014,1091,1145,1146,100188.4489764208,423198.42691158823,7.962148915576483,6.260253701752809,1.4694224929781818,Cold Continental
-96.22733663566125,48.693042755363884,31,4446,2515,8044,5873,107949.77909434061,433046.554375018,1.3963634144961796,21.670681655956315,1.8751579692865643,Humid Continental
-94.63968246180798,48.40243242569568,42,4154,1346,14206,1577,32201.534811233225,346646.62476932234,7.24001638361236,4.199247863640851,1.6799929609061968,Humid Continental
-96.4149065343234,45.04741696226964,64,4719,459,6069,1639,97185.29297164248,358947.3214762794,6.834123076438873,10.436610994414554,1.6865684822531746,Cold Continental
-90.0873897774272,44.525325524340396,11,5184,1020,3490,3380,90141.77384312746,151479.26744883828,3.083320863216894,0.45683955608833116,1.430395477364136,Cold Continental
-90.45675304362835,47.51185931954659,9,440,2476,14175,5057,48295.55275202918,294175.2266737985,7.132177119172139,12.01055349359684,1.5435532948725386,Cold Continental
-95.28805530382178,49.07625593476551,49,4865,2610,10591,540,106505.60747100221,297357.0905877274,9.461648721268743,0.623425557482807,1.8440047326867024,Cold Continental
-92.1521244409334,46.84057735808358,62,5182,1062,3004,3189,41854.234258395634,530909.0044071604,1.4210726047459166,20.508277871338418,1.9563172867566856,Humid Continental
-90.92566683843052,46.929676136819396,35,6221,1927,11464,582,84363.99417071267,288299.95680671313,3.876868497628563,20.63885881042888,1.7751859630016646,Cold Continental
-92.9694336695242,45.179874561961704,27,5753,2983,14037,5299,47991.217345273,342697.6166552685,4.943590449997197,19.71478048872901,2.0937021843839565,Cold Continental
-93.16872548882314,48.11695759915162,46,6312,1713,13769,1756,64510.451901925975,335295.64366838714,9.093343230322207,7.155765315388843,1.9484537234060815,Cold Continental
-95.41355213097647,44.62226249134514,14,1263,1740,9846,499,87532.79175556551,382910.3898403905,9.660353019482411,20.94720673372327,1.586609305733326,Humid Continental
-96.57379841111398,45.44207541842546,36,7451,2316,1087,338,75065.97136264373,434187.10241267213,4.997037218466991,13.620653501871205,1.7399685017012319,Cold Continental
-90.30171708796405,46.0526186316985,57,672,316,13263,558,64200.14650624894,193519.26303860117,7.75025570927972,9.40782191078836,2.0968315876896746,Humid Continental
-90.27673915412602,46.54566227210673,34,3935,477,10513,5131,56107.07447455898,333213.23278528044,5.784949213880347,15.6707159966354,1.6668352619402818,Humid Continental
-92.36180863326851,44.95445839449048,43,2841,218,9677,1722,97172.77245670323,469922.145365374,5.840046412672389,0.4072920469033128,1.9547297271717632,Humid Continental
-94.65556762982013,44.18902094843522,35,3910,289,4579,3656,41505.148025185095,303032.76836525527,3.502895635597208,3.6597258522587284,1.7643347050259819,Humid Continental
-94.57616531802124,47.163720254649796,6,1992,2914,3848,1827,64408.230122384004,218090.47133184358,2.9526062127749158,18.583109100439543,1.5727109054846533,Humid Continental
-91.63754570481213,45.23178331944153,16,7194,469,6799,1503,102300.60574201138,391166.17466389755,3.59204811331637,6.179624057032209,1.1385734735814945,Humid Continental
-90.3025399723699,46.987429328535676,43,5575,1901,4331,5204,97667.96403679742,468933.00206759654,6.006952065313714,14.990427021485864,1.3963965272557994,Humid Continental
-90.38072589073208,44.42617629164521,70,6734,2296,9933,1334,62075.340997843734,119044.53474660001,1.262396674198801,9.689054810293438,2.154839954767202,Cold Continental
-91.21697074231054,46.3868406111289,17,6067,751,8881,2386,91048.66908810467,447323.6223673245,9.165240499207652,21.38466389210161,1.7208715365816403,Cold Continental
-92.29215315999656,46.69553659530951,50,7611,1982,14228,5291,95852.86645670874,467958.04916241474,2.406553385947986,23.815141119316426,1.5901535324745857,Humid Continental
-96.64370827303861,43.81094122093456,31,405,1611,9672,3370,101110.99392029038,302300.54669075913,2.980798091842479,22.10076173641774,2.1061392757395185,Cold Continental
-96.039296030062,45.519625669163524,21,5839,869,10390,4035,73560.46152393824,542320.602136495,5.664485588028817,6.838437867870556,1.6211164934524285,Cold Continental
-90.29127732948878,44.30648806163384,64,7113,2521,2215,2351,46356.87088437694,451885.83672536217,7.3910328970355135,4.9346554392474475,1.5365155257843641,Humid Continental
-92.56985333465519,43.8802498228366,68,1981,880,11285,1437,50424.72612031453,445884.77985200624,1.8615614926995758,11.9134288511563,1.8630351972102874,Cold Continental
-97.22826299739029,49.43976139433967,39,4397,1816,12828,3935,53655.57392332834,434005.74422955303,3.8592522779244596,0.28262035582088885,1.7977318665811624,Humid Continental
-96.50852196564495,45.43412306984834,74,4316,2307,6950,3034,77504.19846476923,159279.72748040606,9.718071450169214,0.7426538822932252,1.0704240117718058,Cold Continental
-92.12468620095716,48.35924667512781,34,2936,2498,13730,4460,32624.769930288676,189926.20776838498,3.3610867010285115,13.8769369266127,1.4598315844037697,Humid Continental
-97.2605196459995,45.027843928582584,75,7087,1411,13125,1198,80883.39750239746,303435.4604736355,3.817451305568322,13.05919016371562,1.4615216199474195,Humid Continental
-96.04569719894351,47.58901633334358,78,2437,1349,5933,2767,59148.33907425856,211442.0009813543,8.528486415562302,24.865091526977974,1.3295143213406828,Cold Continental
-93.01987644294063,48.06136715933812,67,3716,622,1598,1507,53619.34419917138,281010.8472736586,1.4519298852140974,5.125861700557576,1.5242108750131544,Cold Continental
-91.90321745799699,47.07383244364706,32,4745,621,7596,856,100359.72565825011,498693.4905645435,5.181518519280738,6.5267878360956635,1.378350356818002,Humid Continental
-92.21470217587972,46.32945713130095,64,3830,882,2826,2860,66800.1916464639,469190.3702644638,4.416550880065032,2.9271619939245386,1.0790836852596564,Humid Continental
-95.55069938620763,45.97104548488361,41,1586,2420,11939,2411,37604.24364261542,379818.34410079184,3.8492808391778603,22.94682094037824,1.3773130821845536,Humid Continental
-91.74500207348922,45.593209599257975,26,7818,1035,9587,2109,96139.74144209977,484735.38135550765,3.571296346402881,19.467499987015422,0.9011877266024473,Cold Continental
-95.44945711752496,49.07717486548695,72,3479,2330,6916,3930,33811.300594920525,450535.29894793464,1.822366943743683,20.5762438752755,1.6061002078841762,Cold Continental
-94.76188235435771,48.483716446726376,24,5458,1788,7480,2246,88139.93793345573,287333.0686468096,3.833432464164839,22.578818320316266,1.9951163685175568,Cold Continental
-91.47736704007941,49.29016146399908,72,7352,587,7263,3362,91912.4977416532,182489.96994297474,1.3874716244410172,13.170009669473371,1.8154019180963774,Cold Continental
-92.23286338743172,44.24578334091327,68,6602,1950,2174,1340,58208.20847430865,326532.47840429604,8.028674772799917,11.334710467123019,1.304551656075756,Humid Continental
-90.67605739814542,47.885204851221864,21,3954,945,11601,466,95983.02850222294,428665.28596313304,4.584050145622105,8.32674769427385,0.9218996878082315,Humid Continental
-92.17061944005732,49.13004274092623,16,7402,2271,8450,2045,71252.75246851626,290753.0154156128,4.995134490879204,14.7714438972616,1.0830091589153792,Humid Continental
-92.86719289398332,44.58739839699396,26,2659,2937,9622,1908,67063.49226182375,396715.07850059273,9.042351278051184,11.41153208006658,1.56368647669277,Humid Continental
-96.56933681094088,43.89897760420067,21,7708,2561,13076,3830,33632.2625174954,133390.61609388006,6.922494854750987,11.343983106478818,1.089879916736246,Cold Continental
-94.43181673613641,47.946723895740355,14,744,2103,9415,3411,53202.33549191247,434082.17873084557,1.072531930079078,23.42950380690536,1.5615623557989546,Humid Continental
-95.23142153208254,46.94683867907947,69,6741,1848,11632,2493,104480.79767082399,463848.2651508085,9.488573406651565,24.602384705550342,1.1242386346694586,Humid Continental
-95.39688078164315,48.55097266054963,26,5347,785,6549,3932,61345.917062680004,415145.4136590489,3.134300193799401,19.932461294306563,1.988493417266502,Cold Continental
-89.71051767293092,44.33863425975774,54,335,2260,1589,4029,73736.04164454146,534941.2502621282,1.9685276628387296,18.943276447148516,1.3561800619766435,Cold Continental
-94.23383774759927,48.27160387115934,18,5503,2269,5078,1710,72561.73431874014,470259.9464318946,7.91315360542794,17.045898228299627,1.1437708763222876,Humid Continental
-90.34203686961851,44.70976392028647,68,1775,1667,9627,675,77234.48718581547,505423.1148232076,5.504295842800463,4.235263823104491,1.9372566523458863,Cold Continental
-92.37711871722135,44.48193565719423,51,4257,1345,10987,1176,34906.47645146261,519442.6983905181,4.903935094162158,1.5717349398037976,1.2799745507276312,Humid Continental
-91.10047183237515,44.48559478758596,33,2098,138,655,1407,58974.10038389826,458620.07626195194,3.245527717144676,17.299085246320253,0.9560827629742947,Cold Continental
-93.3794306737795,48.38744832138829,40,2145,2644,9762,5339,87850.26191060434,400159.0673229896,5.927243408760868,18.24677693418874,1.5985732879650985,Cold Continental
-92.8001496999144,47.4911833241772,56,1708,879,2458,2160,46044.82008583863,92630.54742596307,3.469461446823287,1.269627478343681,1.6141898862131843,Humid Continental
-93.45836198821286,46.63839254861472,11,5591,1356,11193,757,46286.27020370883,304279.84648263734,9.114247047583609,23.20848858069832,1.800573945330028,Cold Continental
-95.77710469517525,45.652982904741016,33,5795,2296,6844,5313,30807.248535121977,352734.6573662861,2.936840317598735,2.3694019221724707,1.1363072064917399,Humid Continental
-91.66487350096025,48.76320324487865,15,2008,2808,6279,5901,64998.554128656775,229853.92532607983,8.959196354101781,7.218923290902938,1.421279874729143,Cold Continental
-95.10997557296132,45.854670644535815,37,5781,2027,12911,1082,100618.75045387376,236328.04557559715,6.034648831546213,16.84250633868774,1.1953150866597189,Cold Continental
-97.11033546183465,48.399596636829465,10,7002,401,6644,2394,34152.07548698472,532133.331226676,8.456393205057168,4.32982760067146,0.9133352305619634,Cold Continental
-92.26531609192409,46.13480945142131,36,3238,2385,5563,4961,45289.49675968021,500186.9979932631,7.415613962748595,1.4798556222118864,2.027259357822248,Cold Continental
-95.91853670062501,45.761666576549445,55,6584,746,4330,2867,54806.763067420405,480622.34253078396,7.270256002930737,8.34554758018733,1.8204177262836778,Cold Continental
-89.96442304204727,46.276078714017636,79,7330,762,9546,5159,88537.97892513702,276765.4287848109,3.9191122692555016,19.17269221389396,1.2220482832423212,Humid Continental
-89.85935709937982,45.308267244984854,62,7585,2383,9331,4877,81250.84742420692,96301.33318810069,3.1050723832498313,10.400599106732981,1.6391221900207809,Cold Continental
-90.1640577562805,47.98565628105751,30,1600,1859,10930,4990,63275.512366548406,126902.23336962848,2.8979760491270934,16.35902575550769,1.0817693033882616,Humid Continental
-94.41276213800754,46.51632234055487,50,7169,2350,10294,5547,90725.51514067006,233610.32938009768,8.714724913536298,14.532515520980601,2.0463312705140795,Cold Continental
-97.17943839107483,44.8932761708809,33,1543,355,7159,1810,78770.48093255216,97241.7399780114,8.38384138233118,0.6532402024369521,0.9608688807066745,Humid Continental
-90.05911521181574,48.89744743964741,8,4276,697,941,3688,101683.26397257752,97888.89968099113,4.965161752110766,24.714645677438096,0.8053720037109213,Cold Continental
-93.96016364312494,45.80334732823927,17,3397,761,6540,5535,95442.13993109544,511637.51875550905,2.1916415214680915,1.1315594116027552,1.502811476834855,Humid Continental
-89.76009241145938,46.76131716668393,43,4916,334,14626,2654,50225.08848713605,414832.91097476485,4.440270267797125,24.198288167447277,1.6163789528340171,Humid Continental
-89.78376417870383,48.93883266578728,19,6202,1468,6425,4694,51715.086210736015,232119.75543135023,6.574091087232203,13.791618041273512,1.6105514484141263,Cold Continental
-90.64652624735459,47.24542797548395,33,309,2681,14978,2146,40028.518063390846,151016.50569643846,5.089628390319575,24.082659773920156,0.8763166984129569,Cold Continental
-95.00329864185723,44.20138824425018,33,5379,869,7858,5010,56957.17805739652,325352.43023173546,8.021703416346956,2.9573646254045025,1.2396613296858057,Cold Continental
-94.29623771690498,49.13899274168085,79,2725,2688,5128,4999,109963.51349752754,92459.23399300766,9.978605400262468,12.311172127719278,1.4988785255778647,Humid Continental
-90.66113396216852,47.26624831842851,36,6052,312,6870,3008,62460.09348920488,521670.32217474625,2.7201887960400715,4.32065188746486,1.1032108598781374,Humid Continental
-94.82800835978104,45.50943368794252,6,1960,562,10028,4025,47639.07477512851,280814.95491891576,5.136857376936152,1.369274437858816,2.021676239680255,Cold Continental
-95.97795657584848,44.33563243598032,51,7125,2583,12392,3736,90998.63075804425,275074.0794091731,4.878855117287398,15.476474965051557,0.9219530052460077,Cold Continental
-92.95695015282487,48.26415113562177,26,2931,382,1448,4002,73397.68027701249,269673.0594876198,3.7404327947405576,5.2738071819461165,1.48233821834086,Humid Continental
-89.9979927615459,47.22043653557108,79,6595,1586,12065,4377,41968.115962156204,121891.03197837179,2.782859650482606,14.733655755359893,1.767982480518413,Humid Continental
-91.8709675859352,46.70076655185793,31,5115,1530,8679,4899,60455.174492869264,383628.2303042402,1.591229048406933,2.897875600529742,1.1664515401882756,Cold Continental
-92.85352287330295,48.863355498305744,71,1372,187,6615,2170,63157.57724314746,427181.6650290426,8.984073855013285,8.366463138674298,1.6739370317965254,Humid Continental
-96.542023348588,48.23158326734718,60,3525,1167,959,4022,90306.37604553749,401017.6828906135,4.7786382791768585,19.562650695525853,1.9611392101993246,Cold Continental
-92.50294363174648,44.41004927839651,25,5254,560,8068,3019,31653.709511352357,153680.32693152138,5.4720596665004395,10.982582893870472,1.0664717651330666,Cold Continental
-89.57757996918674,45.37033240677329,51,1616,2425,5146,1102,51521.57174386484,356266.4772963726,9.252478433808243,15.730860830943675,2.0841088285548084,Cold Continental
-96.2073446811551,44.990934838886794,63,5999,2568,892,564,71407.70410524176,351962.86271923676,7.986614297643531,16.221702724564096,1.5749819457273013,Humid Continental
-93.25702871156285,47.96367775543606,10,4445,1824,12630,4458,51507.739396227465,489468.96245303575,2.174511377054658,21.10950059528361,1.218924806021485,Humid Continental
-90.45649003896195,43.701194608414674,23,7107,1476,2287,3319,80274.72379351991,264398.7228527976,6.088779708469682,8.190577580725368,1.4032015855351792,Humid Continental
-91.52200478151721,46.9193381092279,61,6974,2843,13632,2758,68549.39834196932,260883.53408333973,4.980270488676032,17.213659508304687,1.2370686373009432,Humid Continental
-91.86327722023691,48.074752114444145,73,3983,614,7874,2063,58936.82038876645,374522.4470103654,8.174899653208865,24.044233595449526,1.8151556239066426,Cold Continental
-91.82062414490055,48.7605938205705,7,7527,802,10949,315,105936.69014964098,381213.420609776,7.518092928507543,18.283059025510916,1.9148209287811853,Humid Continental
-94.4959690204859,45.55249049229545,5,7634,1753,1638,2584,80572.7599349166,305871.20456986356,7.213651497199647,12.297774870271837,1.9661123492461257,Cold Continental
-95.00998361473695,48.42754382803208,62,3573,2166,12500,5176,40395.309781435295,293807.3066719937,4.064903519319072,15.804864367849037,2.180075549420038,Cold Continental
-90.9869829872676,44.16379042173124,42,7300,122,5241,4135,74807.33579547165,317307.92849342606,8.24467357359329,18.518104154301394,1.907798009495357,Cold Continental
-90.98111552150239,48.57871375040711,19,445,2560,7918,5135,92458.54825607207,486080.83777152345,1.4715216603537509,15.345666565777423,1.641937698963989,Humid Continental
-90.53683591507519,44.26493197399189,38,5310,1153,6862,5642,86679.17579942379,302136.7745767986,2.436624112889505,0.5152277558969949,1.2749084177484975,Cold Continental
-90.17672369005952,45.883723743362204,65,3340,1930,2954,2690,43767.138343620754,522368.62430611835,4.020609456801205,4.949860092411923,1.5624336281950493,Cold Continental
-93.31152928888469,48.283772194677326,39,1762,2255,10158,5332,107793.59992320827,321841.73125431,1.6912669696235314,20.280658608665103,0.8574954419065677,Humid Continental
-93.38817290143984,44.399504564092645,68,6685,1404,4174,1142,65905.09165972848,526632.31886321,3.1149484978122244,6.889001118080867,1.8427551057418785,Cold Continental
-91.07329760405915,44.875508371395846,29,4976,1234,1877,1924,42722.000299220905,473102.6748597748,8.471358846981264,18.315896777072236,1.4243377631289427,Humid Continental
-92.23028133993343,47.8335154103584,28,7130,2283,7201,2534,44415.660330251834,256718.40840328138,9.534263840110714,9.365793359518296,0.8280325216250627,Humid Continental
-91.82465835738991,47.820219219276446,16,1884,461,3097,2967,37858.79937512644,487275.0537964434,3.7414212019677144,13.094919771132783,0.8875097181145752,Humid Continental
-91.0928171783984,47.346885797311785,22,782,2276,641,1337,94281.44867479475,140629.110732513,3.3806422358995443,1.792535165503152,1.3424530493504594,Cold Continental
-90.35795833382298,47.6636906668026,19,3479,1999,3159,2727,39762.43954574789,515521.7006577867,3.519033870217842,4.612516470137767,1.6167901266258093,Humid Continental
-94.66363777655802,46.756346660085576,31,1549,1384,5096,4317,40010.02057133976,380556.01693813014,3.4994717861575944,23.934204391628942,1.4498855285329775,Humid Continental
-94.37045296940843,45.01079435344172,76,5068,614,9531,3620,98037.72918086701,115019.74432026314,1.323371639673757,22.264437530828157,1.666886044209017,Humid Continental
-96.56694086924122,45.57417596102351,64,930,548,12310,4978,57568.32675580477,386358.0928793733,9.342247116979973,16.341650261386352,1.4724119623078982,Humid Continental
-92.78941490022984,44.589586300808556,50,7104,2023,14470,4106,32468.632344645797,538153.9209065877,2.9232832741329555,11.54515047490486,1.7263853836738856,Cold Continental
-97.0196502643854,48.95070336800177,21,961,1606,6161,3837,34151.62396147287,122108.3011227293,4.780036666732645,16.926456193091074,1.1067764905391213,Humid Continental
-93.66833545856682,47.000350768596725,57,3803,1347,6642,3153,41373.63573631164,345156.3464988397,1.0871819446687097,15.50339619843908,0.95798046205707,Cold Continental
-93.0673718492809,45.90510850058184,12,3152,1955,12609,2567,47071.46783805516,433985.40088931134,8.721595818235514,14.25695116455484,1.635007536475924,Humid Continental
-95.06497823339939,46.27203482186479,31,2766,973,6126,4421,83211.69553907243,462718.9498817844,7.580416100094255,1.5735090894021913,1.4785653237108307,Cold Continental
-92.69150056756172,49.18370003767089,50,1287,2620,9287,476,42586.10240014626,280360.6340475661,9.520804316563328,15.85678500547152,0.8376147156629095,Humid Continental
-97.06209805047541,44.42010841869648,54,7922,1528,10596,2199,39509.95129416576,183916.6172173918,8.034539312767592,19.246109109822093,1.3326746396902502,Cold Continental
-97.00868412775613,47.01737899210078,75,7627,2449,8972,1427,91177.53131810234,109477.44823529656,3.8233586084685873,24.85263320067483,0.9485758196873937,Humid Continental
-90.88371562685467,46.5353320733068,7,1846,2378,923,3952,83684.42270879315,356674.0322647234,3.230860228555813,0.375855959598311,1.5438995644537734,Cold Continental
-94.49051299699215,47.168725412607884,68,949,1854,7499,3935,64825.9377164189,298339.09232310095,7.279446767979636,18.28131898743585,1.3540887515246032,Cold Continental
-96.3089280013153,43.60866110292504,48,1268,1022,13057,895,73944.78171840831,526422.4217688671,4.277014975094495,14.337553966805913,1.6584126755442252,Cold Continental
-93.22650257157252,48.73274345366491,57,2937,2259,4749,1509,54958.721626113474,117878.2575488585,6.095935141773549,10.90789918441582,1.9278431062783337,Humid Continental
-91.29405028583083,49.09270969490167,28,1400,1136,2250,4352,68600.03361882885,405281.85798516264,1.056317239238232,3.2764973468271346,1.2195361573780872,Cold Continental
-95.61659598552463,46.89079910153525,64,6952,1516,5257,3434,70533.81191861967,101484.4621752263,1.5569713151242772,10.286220201008417,2.1469429458310385,Cold Continental
-92.4414542886118,47.679904943261356,7,740,2647,2467,4314,60978.981694247675,168859.72128684964,5.81831147063486,8.923991856354768,1.5498883008226043,Cold Continental
-96.63428977304861,49.03499628706378,24,7721,2745,4588,2511,102525.77685377302,298646.33996450366,6.094644818033486,7.64046423557068,1.6656071182567032,Cold Continental
-96.89688257488486,47.74343180588039,50,5316,2381,4678,3041,31284.94919848049,299241.32368931937,7.763076500134092,18.298902620722973,1.752941322516032,Humid Continental
-93.15543387376844,44.415234257485565,19,1069,2749,8289,4408,92573.70104729969,405422.2497494762,2.1876878766156556,17.54806547997817,1.7334241418006258,Cold Continental
-93.08304605144117,46.95773016100088,29,1643,413,3446,3759,39950.626499305945,508697.99603916804,5.618647753811009,14.766600265424698,1.515359040263087,Cold Continental
-92.32804676831398,47.14029027829714,75,6222,2713,10141,3598,93803.78884297595,383954.7931008636,2.7500287998851976,23.47275385100497,1.400270007560557,Cold Continental
-91.63648759696324,46.044784027814316,21,4658,2356,5894,741,79272.9532541377,528626.145011694,1.8387650760642522,8.811374166103276,0.8752947498483291,Humid Continental
-89.68835378019223,47.918665413748336,13,4029,2097,8380,2894,97462.2472749122,495543.1943438789,4.694462146544991,6.17066824898347,0.8309201834216516,Cold Continental
-93.27285728325067,49.10620208861409,42,4206,1137,11023,4874,37801.1460512718,358869.9059441635,2.470029832801515,16.431992496150148,1.3011456723458705,Cold Continental
-94.78093951105828,49.05341107744066,52,1877,1756,5575,1288,74718.45072798192,473544.2974226606,2.9960378037308675,5.050470117341333,1.2671252468871699,Cold Continental
-91.09754768080411,46.205036228424795,64,7841,2734,10912,3563,70087.03042097576,385585.70074887166,3.8579912188255157,7.943761628867271,1.3427732167746096,Cold Continental
-95.18750844015582,44.17942827504453,67,7080,1878,12481,224,86495.4546370687,126136.60222491449,3.3344956066887663,5.692600757864632,0.9937154812434661,Humid Continental
-93.87602291849603,49.40904719377401,6,7634,1114,7730,1772,72743.24415149406,430659.7726993746,1.7883216766535175,1.8219238361906807,1.8334355787515813,Cold Continental
-96.68804022553033,48.53338851867561,76,4308,1193,11502,3158,73258.76537064833,133657.88298297927,1.8092462037373207,20.70471866672827,1.9997501806867348,Cold Continental
-97.10226420135943,44.2479760872196,15,6902,1224,14447,5868,64367.67548608517,363278.0790620677,2.7392447371075135,6.4380595187493626,2.1142004895236495,Humid Continental
-89.79134236551218,49.02505129570423,68,5394,797,14186,4436,54706.75392058727,413214.4946947853,1.4550326916358505,11.878384833241213,1.4893072249274764,Humid Continental
-90.77935506000479,48.71937817237277,76,3651,2279,13420,1967,68581.14890017538,120602.69977699341,6.638113177092344,1.1785503040323675,1.7812119787756002,Humid Continental
-91.87140119246915,46.61302834275644,25,5095,1504,2031,4943,39479.388701472046,196165.5408062046,3.585940448580118,17.513552709690813,1.9977715728102217,Cold Continental
-94.1101670335687,47.04765261446958,22,2649,1255,13574,2435,106921.06711864678,511209.2268403589,3.5177137099216393,8.33096895742664,1.3856075555308804,Humid Continental
-95.9483043034474,45.89401622322078,68,3902,1143,3490,400,87152.86109012786,373504.6664271323,3.9879846481398866,18.64394452294733,1.2331779128186222,Cold Continental
-96.07979106716553,43.82856983293219,42,5999,2029,7655,3398,106197.36933502775,203291.56865284452,6.965166467887495,10.368836205649865,2.1114143781948864,Humid Continental
-95.34810539431615,45.5111834498754,36,1541,2683,4993,456,48138.19058639706,407712.69472808304,8.835704933351415,4.974314599500052,1.5219471715079025,Cold Continental
-93.01603201529225,48.317120691588066,15,1425,1113,9835,3947,100347.28161412224,364517.1531823772,7.831782393000745,12.878059548822693,1.4961554412272293,Humid Continental
-91.72615180293951,43.527792138027614,49,2901,326,1433,4842,94703.19876508307,320724.8219622562,7.547763072025854,3.349563534972251,1.049782535188894,Cold Continental
-92.1504604616017,45.50099503014687,37,6731,1928,1960,2441,84172.19299661389,539046.0084945185,5.359520670407643,11.069425080837568,0.9514170204026995,Humid Continental
-95.11651560382164,45.88901216154566,45,1490,1592,14640,3375,80002.33488681646,404388.73760745407,7.244250012706706,8.000906387770115,1.9789496074769164,Cold Continental
-89.85205081082708,46.724373617627535,12,7064,921,3223,3806,55323.973221429595,262702.9104472398,5.974861312302249,22.807793646570868,1.6597864466625254,Cold Continental
-91.54440404977301,49.019133698476566,15,5401,2123,11204,3536,95312.86279720246,458033.7787553593,2.94625475367876,1.6171251708459267,1.2561544176272283,Cold Continental
-92.97603839041108,45.57807596619577,55,4431,970,785,5097,70121.23691837871,496908.31474374636,2.8772953096694565,17.381033611232976,1.068430704346373,Cold Continental
-92.52857817937205,45.58171921137737,45,5139,2552,764,5237,35671.32607130283,147601.45737774245,3.667528061877551,4.650504033087153,1.5776961922374841,Cold Continental
-94.02711951306324,47.925007488658494,21,6160,2349,11059,613,55029.0528684104,182254.36980882258,9.197224038728319,8.044222350872772,1.6174870049655896,Cold Continental
-95.36769828189097,46.213307645338844,50,4748,2185,7316,2214,104823.7678836262,189464.42419877867,5.926733563417533,10.446300170245442,1.0897910417430814,Cold Continental
-94.52341310652015,44.84762893763989,36,6318,1895,12139,1581,98054.4208483877,407957.43231780856,7.605148393016825,22.709575725436856,1.9919680470480636,Cold Continental
-91.38880033837792,46.21463709679616,58,372,287,14924,1298,108552.45584612314,367398.19532451034,4.119028838348928,6.140198825238246,0.9179701126181916,Humid Continental
-97.1877307886879,44.3451421222788,24,7091,1180,14465,3626,80239.47060832786,374736.11976135056,4.669441935987027,2.3735891833622884,1.2985303192329904,Cold Continental
-96.39463340404605,44.55832191903734,37,5772,1040,14014,3855,49800.80585123296,522755.71785717044,2.1300902077352624,8.035371139364036,1.752538179267531,Cold Continental
-96.94117939223032,46.49020663643688,78,2214,2420,13608,1109,43025.2039741491,446919.30509136076,2.5416546203950334,2.7064316663347805,1.183768509346881,Humid Continental
-96.98231534191203,46.013552697027286,44,5489,2730,2262,387,44953.15524867693,148850.98527542027,8.44620899343531,3.302052500417757,1.9587452726937806,Cold Continental
-90.62740744471414,48.9890754064086,36,2772,2663,11740,4244,31583.652667780352,249853.25791558326,6.2635476851999385,14.388879889578163,1.835814957240565,Humid Continental
-91.81146869683582,45.674363394699796,6,3346,625,11073,3956,61254.568878875136,290281.0772408384,4.03779219295437,1.6164581341773838,1.904631982367388,Cold Continental
-93.60144413311886,46.98353010166826,37,1007,435,10961,2215,45314.2144399634,272142.33082389826,8.225660880959914,0.8701789466997942,0.9667491502274028,Humid Continental
-96.53689354692219,47.29358572751718,34,2104,2845,540,5609,62932.436836536195,397881.9602144644,3.218679150741847,17.888911126615394,0.9967659791937602,Humid Continental
-93.46539617408871,43.578566739530004,37,7004,1178,6327,2292,104799.55454710123,500270.8274980188,9.784294287401835,9.105012661542007,1.2010632328424171,Cold Continental
-93.60692018791158,47.48122423210026,30,7271,2647,8759,3844,64443.2167605752,230783.67322048248,4.103358469715528,3.2218461959234443,1.5253080312765857,Humid Continental
-95.94902541470188,44.56821580121851,26,4013,2913,1487,2330,100238.7597587868,343863.4827537454,4.0357985873610485,6.414957994406734,1.8472225073791635,Cold Continental
-93.91595713594381,49.26642190481673,70,5351,2683,14587,5442,78440.38132927011,453128.3340802494,3.8072071498303472,16.087954033074734,1.971143247065265,Cold Continental
-94.19166307170049,44.391976366518676,42,2864,261,8304,557,49770.52437291136,281460.30706886074,2.0990036433185915,6.960860521807193,1.786069442340053,Cold Continental
-92.49636923519272,45.98774474236214,50,2775,693,8289,5847,58468.38074073692,167334.33906367607,2.000234325988112,12.413576015498156,2.100035634142894,Cold Continental
-92.34626952323238,44.01209800847187,19,3910,2038,6217,5385,36713.56286571435,308477.44402132416,6.83294531080711,3.1302131374941395,1.8342409134623026,Humid Continental
-96.94662872377805,49.481245511075684,48,4555,2306,12700,5976,56677.007487680836,115402.35954179309,8.876062401022423,14.743531576375629,1.2287750418064607,Cold Continental
-94.37802160591352,46.51317006198745,53,6592,159,14443,2622,84203.27564028272,523496.38884104736,8.114684592445062,7.970334327697275,1.1711137980740016,Humid Continental
-92.41829265742895,47.07231010392026,79,3123,2001,3698,4457,35768.887434354816,124417.7543896876,2.26996834619216,15.71151401976504,1.774669430421526,Humid Continental
-93.37553718307531,43.90245886433056,65,7697,2358,5874,4745,46432.11267824235,291690.0890152659,5.910239096128598,20.22903256937017,1.07001879616546,Cold Continental
-90.61937923873109,47.99976282239507,71,2035,505,5290,1697,60515.28331306492,333745.3801007221,1.9503239137897599,15.32999584281081,0.9298007351343779,Cold Continental
-92.16218967337223,44.75943355857351,10,1885,763,7683,5332,108563.96296127701,543239.7628521513,1.407651792517697,7.464114308616014,1.5451120247986716,Cold Continental
-96.02911146876485,48.88832573664428,13,366,1232,3024,2358,92788.94583671042,166370.03887571595,6.907472734462905,6.468018168552679,1.9502981976905376,Cold Continental
-96.74956377027665,44.73083784289204,10,3361,1199,9777,2755,88678.93971936831,142638.49856168494,5.816371003123153,8.252781872462855,0.941931779457809,Humid Continental
-92.28912962999074,44.644126323982,77,2728,641,2979,5609,39295.27652203568,94004.82764877005,1.7382131669032377,4.19905077958897,1.908647853314021,Cold Continental
-97.09321177777535,43.71929800708857,36,4453,1437,10385,2542,92479.67148919932,161562.86095987906,1.314453217653896,4.6111790861654995,1.9362008060921674,Humid Continental
-92.73095046606699,46.33240167066,45,7726,1097,11007,3151,92821.50492128122,185345.5703711271,9.907807720684012,19.788208437314182,1.475183600114161,Cold Continental
-89.96620411688534,46.889046799575695,12,641,1240,5654,1438,78088.21564994627,380067.23312822246,1.270191989341647,9.679841155035378,0.8802344340146816,Cold Continental
-92.81130141256814,43.89425183657011,76,5549,967,1278,1173,109228.94255986976,191065.1235800442,5.000754277451437,10.956279996207586,1.044425791746061,Cold Continental
-94.27227457558912,48.153165700170064,54,3074,2166,13281,4927,56020.31247396416,99439.5747754896,5.54157122146926,14.891831692613597,1.7903967852267053,Cold Continental
-92.28235189614965,46.21973300848816,66,5591,531,10277,4165,105301.79585934813,470244.4389311448,2.055521330204005,14.782372029273535,1.7964891229873294,Humid Continental
-93.72562745416617,46.64634161596548,66,3117,839,1992,5886,103178.48919652028,258174.0224618247,2.5215560059574464,1.7776841008959507,2.0576973852347313,Humid Continental
-93.0441890433357,46.14457648162937,11,2961,1473,14578,1250,30918.45277995023,252700.47582713762,4.166245057693173,20.805365579807873,1.615760605176416,Cold Continental
-89.95657449154311,45.90457836525196,79,1532,282,1160,3901,66009.32211798488,229140.35341724622,7.855082885922964,4.515431175276091,0.9737503147992884,Humid Continental
-94.28839942515395,46.857841987849305,8,4174,2260,1848,2980,108168.33864412586,538671.7074873536,5.5637418165424,18.104483737636755,0.969980867706961,Humid Continental
-89.80271360217347,44.43144147558427,10,2701,1306,14115,1788,38249.70899264606,168253.09196226948,6.741116870976654,19.339507604391347,1.8095853002995532,Cold Continental
-90.2382649927427,44.59156878297163,62,1794,2628,9991,4078,73822.77555066557,503189.5094184882,9.866570995816073,17.90099839887371,1.0572985311510616,Cold Continental
-95.77282914864348,48.670713726081104,26,6217,1269,12632,2568,108316.60056328833,447329.53278434847,7.912048917818887,14.516543399198214,1.2597396994632475,Humid Continental
-96.75898185317371,49.1766927728018,30,4511,930,10678,5989,74439.63392846881,125180.77952968402,4.909253483270959,0.4637640280111832,1.4820968096906797,Humid Continental
-96.51393158925607,45.73985589767852,7,7731,1751,8351,636,45185.224237772476,543895.3866903904,5.017977296168938,9.07334975984295,0.8346708286066117,Humid Continental
-97.15786975991792,45.12446803886132,45,961,1236,7656,3028,76574.65840740717,214828.34322794486,6.568948693369045,15.16050179112827,1.1483466378279048,Humid Continental
-96.56334490610375,47.36399725943409,64,4183,2910,2544,1756,46355.24591596375,135348.1464303097,6.9882868757701395,9.747537268471213,1.3710454519101922,Cold Continental
-91.97254716735242,45.95240502658858,18,5861,575,7868,5372,71576.34103155874,471484.54769784934,5.506398332530042,21.600649383329046,1.1914908458904887,Cold Continental
-96.74472854201021,43.65231813396207,79,3919,2910,4016,4058,35923.377432987836,415070.7454917419,6.803751005334819,7.789176656205422,0.9909184584545923,Humid Continental
-94.81199008370866,44.436915584197145,16,6896,1426,14716,1504,78438.61353715237,373920.65070383437,1.211792449726889,7.409016332220644,1.8192171609146766,Cold Continental
-90.70997257443825,47.795833373084385,16,2168,1070,14135,2584,71343.19513025266,161751.19730150927,4.866605775071597,6.723342558007182,1.938406717235179,Humid Continental
-97.11847890126056,47.453543651460905,17,7944,1119,9750,382,89212.90950091704,310108.2134777425,3.5104426846612906,8.386243637123806,1.160470566601215,Humid Continental
-90.9471458358063,43.6625759550209,29,2634,1241,9668,5765,80456.03769270281,449055.77236811834,2.1625700071879934,13.979383611423259,1.8841872924488248,Cold Continental
-95.10153275676748,44.8318329715977,49,3674,1936,5077,5775,73968.50148246053,229667.01154616653,1.8959186152789762,17.704680827387513,1.3397749901618394,Humid Continental
-96.37831434455107,44.88644877952843,23,1316,260,1227,1789,85182.30793984969,233377.32111691908,6.428729490532008,16.59794115169575,1.509360107195604,Humid Continental
-91.86545011015963,47.53135646159237,59,4706,2548,11219,1787,41515.353085778464,91444.81678213617,5.712404924373505,20.212173717538843,1.998401504850414,Cold Continental
-92.3942457951169,43.61826322652618,49,507,297,11828,859,77628.77290068832,170151.9647568746,3.2822570529673225,22.15925848788588,1.849935154523371,Cold Continental
-90.45571829448899,44.12465149190744,12,2965,1383,13819,359,43768.848225822214,492686.58755604376,5.23855052895263,20.420368154349447,1.9271635918426488,Humid Continental
-91.56644585832969,48.29949651223914,57,2793,759,7968,4153,104041.77662815047,293203.38615334523,5.430090836641675,0.5717405440214289,0.9915832332208996,Humid Continental
-91.03284874299818,44.571267972326,59,7113,1875,842,1211,35466.728387648334,542747.8696478396,2.755080823947542,18.42435704344452,0.8976071961672213,Cold Continental
-95.10013033394381,47.416476647111246,36,932,1170,1947,252,64429.97997526346,272025.6632439446,6.868837556934856,5.289149383096457,2.050766620723182,Humid Continental
-95.91597155851817,44.92909668628036,55,2402,2110,11071,5341,85663.79821243559,418985.769198911,8.028274207474814,3.409908263428768,1.3429679773995322,Humid Continental
-91.44520493720131,44.096648356556074,48,3259,498,7081,5349,66641.7769334607,219682.75973617542,8.12317186800567,15.998370741498473,1.2030315492975532,Cold Continental
-91.00668903371535,44.95903314599673,74,3383,1833,12351,2507,37367.62025863219,257352.4349248294,6.422228476331096,8.061605565651602,1.8145747559665544,Cold Continental
-89.57405989239474,47.833601591133956,22,5052,1682,6817,1428,74270.32129013659,177733.95429181153,5.6047472426711265,1.5222173679240372,1.9709818352117994,Cold Continental
-94.08158212009087,48.634178808637714,26,5819,2225,1026,5790,81330.55270618836,249648.68950972168,1.549064287048554,3.5269803865191975,2.0074854706576213,Cold Continental
-94.39825893081628,48.48131918740195,41,2231,2271,10588,5785,86303.38487924062,341729.25939349586,3.5904816896644527,0.12314248006203049,1.2423959975753185,Cold Continental
-91.24397890621242,45.88310117771073,60,4019,174,13446,1235,59860.78515702071,546215.5252504547,1.839443021003529,22.59026832088321,1.9930973476823437,Cold Continental
-94.64173238602646,47.508510819423876,63,7423,2284,10765,3902,75092.79768230097,395532.7880130214,9.674408447906263,0.7129877976468408,0.8573075221240836,Humid Continental
-90.04009286029219,44.729905772494924,7,2862,701,13607,4245,66054.91799511305,181653.13902782445,2.2157213160318463,5.315448660786824,0.8695260880436064,Humid Continental
-90.6043805356245,45.25888638156608,32,1979,936,7248,5145,83764.48310018028,110682.26313211353,2.3659786886599186,10.464943239128893,1.6729268732438163,Cold Continental
-93.95384658647485,48.87801491112672,78,536,1628,905,4649,76684.55738598548,148123.98140467488,9.006189564974429,8.978626016175394,0.8883489167617648,Cold Continental
-91.44320567122632,43.57801154106441,39,7746,599,8486,5394,72060.49756473079,348775.3925856018,9.49535455128812,22.801974335128115,1.2544528359142262,Humid Continental
-91.41456558213947,44.013051185126805,65,4743,1696,10265,5760,49961.94934705989,441973.75125571253,7.8924613531141885,1.1031947487900986,1.7418583807456938,Humid Continental
-96.49563382307973,44.74731753087617,58,7070,237,14599,5286,30161.481419858712,522592.83535834355,1.0486443130540288,12.854146221158583,1.272173654475917,Humid Continental
-90.26008732789938,43.659193223242916,67,7571,2197,13292,1464,43926.53402491434,97278.65911853757,1.0121164386090733,17.043938616856913,1.0514396940161344,Cold Continental
-93.35903149490672,44.58861261053878,11,5025,1894,4240,2084,39365.28331393349,330469.6651184601,4.402906928087057,23.299279544661104,1.1938908705953784,Cold Continental
-90.85363176435962,46.998249365818154,53,1840,1072,12966,2009,65926.77960087574,306598.9838626613,2.290558330098033,15.547244177880652,1.4406054651506046,Humid Continental
-94.80361311196123,46.02854730355499,35,6399,1742,12919,3367,78980.65206094757,391785.3101088238,1.1654752793643754,20.113505376692892,1.4655401974976754,Cold Continental
-90.31491881772963,48.85603026646185,62,4243,1985,2346,3997,47046.80069478466,347406.27305405727,5.176600204640542,2.1847509523491753,1.896200323886083,Cold Continental
-94.26422690587353,48.404661370430645,65,5667,2401,1978,2541,105124.56767737497,406038.00926794106,9.487557076662744,9.70989382232949,1.8502145212041177,Cold Continental
-97.21546631845366,45.550904110187254,28,663,2128,11087,3614,30534.570337911024,392717.98898462753,3.9143761741218825,9.411283648528778,1.4395449263785893,Humid Continental
-90.23802058392974,45.05654060058775,24,2668,2857,1271,5407,91784.08121322743,143825.39343465524,6.950266105858269,22.16857658974737,1.98393428873828,Humid Continental
-96.58796392106815,45.7781544490036,41,585,2000,6025,1017,80016.38156243539,457870.240264611,6.870118178191967,3.8691421644555457,0.9599319940279543,Cold Continental
-94.80935362679476,47.04176965508885,8,448,2710,14911,2637,59884.384083814555,146686.98482950943,3.25972093298651,3.8819656911820934,1.1574946903204621,Cold Continental
-89.88951665700372,45.108381844937256,24,5503,2904,9270,1088,34039.11555299263,411324.0875962031,6.853827239414779,8.281097932156381,1.9591670489031523,Cold Continental
-89.88526425388706,47.2448934470948,64,4337,1549,11593,5476,80198.92574274234,281426.86911467905,2.9110057685820214,1.4562045794342557,1.3291916540766144,Cold Continental
-92.82718447263836,45.956469913147444,28,6849,646,14303,867,60849.08102925184,326371.337905235,2.0980667221920015,4.643205212247001,2.1736541823113793,Cold Continental
-92.37166974507556,46.81228308511188,54,7421,1021,693,4928,104901.37115305754,505517.08661282685,7.312449570037211,24.133719999788806,1.4527545941389697,Humid Continental
-93.8021249285691,46.116759174811904,53,4851,680,2507,2824,73359.20599118128,499346.5141778038,2.0209673539352506,10.761780102692603,1.90870987214927,Cold Continental
-95.0129559807551,45.26679455725151,55,2066,1472,1685,5938,105172.12090348065,466213.90060131357,9.972182967304198,15.837278289718666,1.3632298579353208,Cold Continental
-94.73641654611465,49.19071984177294,40,5195,2056,2894,4432,47638.69547786433,324668.2550099087,2.651071610352064,18.18017035768146,1.3949349266874027,Cold Continental
-92.0543560425991,48.081634764958565,70,5580,2103,11690,5993,88058.07282912827,428670.3126615632,6.347276764808118,9.237339034479291,1.3360364061978571,Humid Continental
-91.4314786703861,44.340679054598716,38,1312,2196,14172,4723,79379.92166789804,325932.6455386523,4.702371142713305,3.7659541528218723,1.8067058687151365,Humid Continental
-91.12568345893838,48.71080785538748,40,3131,803,10484,5771,89152.65838650495,490018.7979383976,2.137477801651004,5.243867303922342,1.5665250376839923,Cold Continental
-91.14097848620248,46.42458718949708,10,2807,2408,9802,1018,47173.42911780294,275276.88328713394,1.2505951681967207,7.900335266857197,2.121289355915717,Humid Continental
-96.5885923962202,48.86731336136455,43,1823,2503,4505,2388,83199.56129902191,536308.2584308432,6.6045905406355,15.938103666770418,1.1512464431477467,Humid Continental
-93.44352162331987,48.29913153568389,46,3085,1725,7929,1306,69843.23144454951,518868.4687852837,8.260818074102135,10.017185672317455,0.9407878249168221,Humid Continental
-96.85104167187018,46.0512810268154,62,2856,737,2761,2424,89425.9979925053,431137.20494782133,8.578140953560697,0.26968597771319014,1.3505660791389014,Humid Continental
-93.01367471787486,43.634815849920706,16,4025,2890,4236,397,56163.57153214542,218531.30672099313,5.34442125769241,13.132838908180048,1.6633977907054867,Humid Continental
-93.85606208928766,45.11206415630968,7,4876,1109,12485,2871,101204.56203722021,150560.65084489886,7.99709920464147,23.045683458494704,2.005118511681693,Humid Continental
-90.37590737448527,46.7498052879652,22,6082,740,10628,3692,36744.105168908034,483163.5870428708,7.055624201396903,20.32073251411611,1.2846756413524587,Cold Continental
-94.56286290209378,47.300869318956885,44,6557,2939,7216,2648,94575.14550329505,166039.05162346218,7.518290747492199,20.647763144364813,1.7153014515742464,Humid Continental
-96.38687727186468,45.047326112599215,25,7192,2759,5375,670,98905.57006520727,482959.96293877444,5.433391046996327,19.896944638392664,1.2902781534325067,Humid Continental
-96.18466487998788,44.336136444436946,19,1901,1961,13049,2148,95380.1849093457,315751.9030876858,6.700705662179144,8.160897557699549,1.6641074161922416,Cold Continental
-91.36021707260372,48.5095814207958,30,2708,2956,9421,5224,71018.11154094207,277016.12055172794,8.249733222184513,19.15332646048436,2.0387311258429115,Cold Continental
-92.47789910613317,49.40641308422131,12,640,1305,4878,4099,65070.7984024609,505467.7582638374,4.580957580013207,3.6647178094987054,1.1239006991631726,Cold Continental
-96.51124312624223,46.654141093816115,46,3117,785,8315,2210,109700.98292199014,367771.45196852786,8.253810107808253,16.477132067171244,1.365938298949855,Cold Continental
-96.64396691230301,44.53007571508982,48,6406,1951,14278,4000,48333.756097132966,355242.4432796702,6.3281515851015655,16.07505731045636,2.1905712750016453,Humid Continental
-91.83244077461886,45.13384395911621,18,7204,287,3951,5201,73750.07727008357,347032.3345272229,2.493109219337076,0.7366879973343932,2.015979839549245,Humid Continental
-96.7324485503593,43.6103440592848,6,7412,1719,13149,4318,83654.04203058605,260737.97736898446,1.2221574150212615,19.720456326414197,1.5904958010546828,Humid Continental
-90.88949153753522,48.98579283936299,41,2796,1787,8116,3996,86069.41086891457,451395.8276233985,4.264782403592369,22.59087781686875,1.5232786285959854,Humid Continental
-91.79131062817933,44.20650649734085,73,6262,1084,13228,4188,46321.9732590863,206287.2842472556,5.920266954667059,6.75864043395548,1.1984405352265535,Cold Continental
-96.66547951099318,46.95909885308552,42,5230,647,10832,434,82319.52738718409,521891.68161898653,8.558383169831394,20.328529032235156,1.5240931987709412,Humid Continental
-96.6382658301355,45.144331324123236,45,5599,2872,10336,5420,95469.56531850698,501233.19432160194,2.147371121262216,2.1519086993625103,1.9874540975919261,Humid Continental
-89.60421128769083,46.82506801509476,66,2025,1531,3300,1128,34001.48614568898,245240.94981045317,8.201857129152213,15.039199670700542,1.7592443185888929,Cold Continental
-94.38068779310225,47.40852233011118,64,7874,975,13654,3807,102921.70346602533,425553.3341225653,8.767081414605043,12.1926069468235,1.2060616394491812,Humid Continental
-94.40899125287825,48.47845082224321,18,1989,717,14235,722,32360.324411616475,353682.66944681207,2.356187383007504,13.693495979394099,1.0820494894749462,Humid Continental
-90.96016337539147,44.73852763056362,6,3567,2561,8833,3723,58477.682599071544,245318.6789196479,8.664348873737971,23.162509526920193,1.171291951795561,Humid Continental
-89.9114610964059,43.56597497195088,74,7933,1465,5910,4726,31265.055698636967,544719.9580779055,9.923082110585128,21.795749656446652,1.0376628819499571,Humid Continental
-89.6091917021816,44.321313780412844,21,4706,1343,1955,5088,36171.61348316655,101609.17909020153,7.541549479434138,19.64858306526995,0.9338969744332024,Cold Continental
-91.42365015498025,48.90011185108863,32,561,1002,7392,1829,102893.46281440633,206217.17408579186,8.062927136424893,6.915091596191437,1.386790644218877,Cold Continental
-94.36517523285886,48.74334046537509,70,1742,262,14663,4828,58388.866459691824,329234.0681111292,9.949737408029861,22.804283854283682,0.9586194461575748,Cold Continental
-96.64869440975038,47.08447861302185,39,705,2074,14635,5971,63981.72243400423,330098.3816001394,6.449331254733508,2.5279415423504936,1.0406775808179463,Cold Continental
-91.23825405576599,47.10310116260192,9,2490,369,6308,1516,47227.55051060421,360909.2144749595,3.770977438146245,21.347897492313816,1.5662545580752807,Cold Continental
-92.94444685206072,47.49022004727753,69,4737,731,7296,3057,77767.66161493759,435771.03913054283,8.5377775066845,8.271185801604833,1.0304389831794047,Humid Continental
-93.99106832787358,44.552227671740695,44,5735,1005,5296,5208,77584.25717422317,376799.80203887634,6.530371997604681,1.438930560383386,0.889431674403264,Humid Continental
-90.23043579626106,48.98647167554976,60,7568,2114,5593,1324,59776.03134601754,366129.471842897,6.230758813488609,16.766988907594634,1.2443443900390394,Cold Continental
-96.43265963801201,46.012623149352436,40,543,1741,10788,5821,56642.789744431866,114616.65293999991,3.2827199996263445,5.85887021506729,1.1084467380707546,Cold Continental
-93.4575241865313,45.798831169496985,49,4885,304,1825,5623,100797.14465444702,263203.9323830772,7.80700842624598,6.164921034029335,1.5214272631921275,Cold Continental
-97.21144157081413,46.61350623169702,27,4407,681,5476,2787,60662.73917137611,196745.64026253176,1.7350054827408663,7.720574439096409,0.9433139184164931,Humid Continental
-93.64444699244581,43.78179580065033,51,7706,1679,9905,1223,69480.07937235266,212070.2513369087,9.318583637151951,1.6857507108126664,1.8524791027561696,Cold Continental
-96.86083444968166,44.49770021253648,35,860,940,1659,5872,52664.38099399445,344995.23819655867,3.9324111469343626,4.510465890536525,2.068726927209194,Humid Continental
-96.37322025310904,47.928201698558226,15,4437,1936,5150,1578,92941.56026857019,181772.4448676199,2.149971875109914,0.22797672688045154,1.8408092435386723,Humid Continental
-96.38329527513858,43.99679200755076,14,3025,1351,13191,3574,61795.85255192733,225216.58646777287,4.981298797921769,11.190697075534091,1.5459578523619522,Humid Continental
-92.2361596434947,47.11891265679833,71,893,1819,5487,1719,71088.88372354597,199058.96591797646,1.3822291833087985,2.197958897707485,2.004934950504439,Humid Continental
-91.4808499417297,44.972094658087926,18,5848,1742,5197,5977,50268.573604772915,526311.3538803696,7.161635748384697,17.098049865600554,1.7728857316941107,Cold Continental
-92.74972363224215,45.83577368425186,78,2126,2743,14618,426,109012.76738730015,524546.2367987038,9.124349594008205,5.967008994672044,0.8147715714302658,Humid Continental
-89.79505412189857,45.2321624206242,14,3529,2397,840,5555,53319.65927389783,370573.1169541838,8.535367064246579,23.59499618647591,1.3517262138843045,Humid Continental
-94.37600947971511,45.634036298789695,5,3587,974,4328,5168,91659.40247244414,515280.335616674,2.14632526103093,21.79416552222645,1.9913326591695202,Cold Continental
-95.07144572700149,47.81427543110547,9,4373,1564,2468,1091,64199.65202854073,451473.81691545167,2.1364402339695867,7.307078284708385,1.284202401165377,Humid Continental
-90.52492680012222,45.28273029373905,24,6089,2343,1203,5774,46497.39240673119,361376.026088832,8.320910340918378,19.602064820951302,0.849301242935733,Humid Continental
-95.55595245954827,46.898427841781384,12,7929,789,13105,4272,93977.50111718889,92960.19728852603,9.318288471428044,20.100798126153677,1.8446514939731813,Humid Continental
-89.78686419236323,46.3563024131946,47,433,2110,5982,5332,56688.543122323455,445357.4915965259,5.146028468501402,24.66542154144882,1.9228535783960161,Cold Continental
-97.20519509741943,47.48202699217589,5,3438,2786,11121,2457,99215.46779182488,413144.6371306957,5.490740052223893,14.986215672457554,1.024831173060632,Humid Continental
-89.73494515168042,49.120978435948544,61,4219,1522,6876,2988,103220.57479342584,373016.68050991045,3.864358372471533,2.1409467926271883,1.5522766955804537,Humid Continental
-96.9633526867855,47.8954325832615,68,7474,2101,2300,596,98785.90683130207,439795.183373937,9.048386064307726,16.206247000266888,1.0687376145940162,Cold Continental
-90.34908371315504,44.789642271544544,32,5343,771,5963,5419,32800.63318454445,325944.1957963922,6.804126147631203,15.661995734563275,1.8069281866618057,Cold Continental
-93.18393134912687,43.68709881036771,41,7993,1271,14360,2278,92989.86760040844,413878.304807816,3.5942641945063163,15.99492937776875,1.18017063724848,Humid Continental
-89.55487459026946,45.07358426579895,51,372,1595,5412,4944,62907.15731993151,520179.15989418695,3.6890458394882644,7.747926637794866,1.2427011715886622,Humid Continental
-96.7243867950639,47.07046758420153,41,4794,1043,5148,4624,99897.833614578,262870.30728919967,9.020800657572421,21.50602166850029,1.982959195096142,Cold Continental
-92.97993658166969,43.808554880905504,53,5824,2346,1355,3437,81036.3410147791,415736.0440542877,1.1227062151523932,23.990857355589757,1.4668512930896662,Humid Continental
-89.73944022217103,46.47819748320742,48,7021,1549,10504,5778,96691.45073151667,308816.396285041,3.9045391545397456,5.521041573155973,1.737656231705547,Cold Continental
-93.21983681547283,47.081057093501336,60,7302,2639,3366,4093,69954.54158934683,400223.83983443154,5.989210130947321,2.2949887376024467,1.3633222710114548,Humid Continental
-92.39069062254495,45.50546334490176,32,4525,995,12334,5247,72802.04036791463,440930.9343550075,2.333957158893922,4.943922325895253,1.2172096000712576,Cold Continental
-91.87316022591999,48.12547322247493,10,3278,2289,682,2205,41551.01057069338,110908.15020046615,1.8288887877963083,20.5317482674674,1.675669284594526,Humid Continental
-93.75457969481137,44.13958951880263,65,7933,1436,3612,2216,92718.98869514844,387436.20421638445,8.33748697981504,16.948451407014204,1.0168006037103499,Cold Continental
-92.4050469753443,43.95082669041485,24,7673,264,6170,3371,63551.16893335773,194300.9448271945,9.049639497836566,15.937578824244252,1.3221997697936083,Cold Continental
-92.74234836699982,47.86913253722162,6,6207,2461,4992,2868,70006.40946172661,398214.9673914807,8.412457787183705,10.104649064224668,1.0926518523402913,Cold Continental
-90.27096751817028,46.47294789723719,77,6397,2168,6323,2078,92807.8171276566,305431.8855295542,9.08909100763613,14.487916490634749,1.7741129537170437,Cold Continental
-96.94551823333663,47.630414378566414,41,4661,1205,2017,1396,77907.63200635512,445834.2612578481,5.978007739525344,7.766065719331748,2.1218923736845507,Cold Continental
-95.1084871211806,46.10896403162248,24,5956,1853,5502,1972,46087.89819541339,146764.37499457435,8.310323088913076,11.982281977507235,2.193715355222213,Humid Continental
-89.88679042420284,44.97841219943464,30,2285,2452,1856,361,77218.61273207143,378108.28176184976,4.456383745519904,19.847269406429334,1.430387534618227,Humid Continental
-90.35594248565086,48.4146139060452,33,1092,2038,10866,4176,62610.628638372466,218096.53530667408,6.996410753311347,24.53291577664101,1.1535425454910224,Cold Continental
-93.74587732827143,48.296495273813875,5,6696,470,4129,1951,67562.04336350902,482371.7178520721,9.89951978250248,23.318974197386066,1.4199611185380538,Humid Continental
-92.46296573714801,47.66817882512656,39,7265,1980,4128,975,32264.901952213422,517056.41259270144,3.0315495145521467,23.353261976871597,1.9861771739478136,Humid Continental
-95.13642677274716,45.132870823379776,74,5708,952,12788,5347,46802.34796130253,548343.2150923655,4.509097716619726,10.115370997693097,1.0884079499728558,Humid Continental
-95.83265495415466,47.041384001214524,63,4559,483,11931,1139,52483.046510482265,456163.40511655033,5.32042639579077,11.772868024619093,2.132933912314093,Humid Continental
-93.68315244146814,45.66584338164016,73,394,2031,12383,3420,87036.80062870446,436717.6723968821,2.2421393831804655,17.67032136958764,1.2786120763174114,Humid Continental
-94.54385262139678,44.049492439959806,37,6201,2592,8710,739,30919.397863849226,189130.34907907346,1.729347494185511,23.062579008476977,2.180125123230427,Humid Continental
-92.74748232756319,49.003881452773456,55,7276,524,12095,5117,62702.18089833057,244563.24713545002,8.46750579689462,3.635657057866908,1.9740524425475472,Cold Continental
-96.69366983167312,44.32091178551377,16,1433,2308,13371,1661,103922.14963405863,304213.96921064856,9.791149355448276,7.675622409297174,1.9319987478063465,Humid Continental
-89.6997205002039,49.20142412292481,24,6779,728,13243,5384,38950.449323929904,445755.28197983484,4.642525574466928,3.567246430393327,1.2450665432825971,Humid Continental
-89.6075561930591,46.17603463774773,57,5217,994,11696,555,71313.95105748888,510884.2979358656,1.7888485257518796,15.339012395990435,0.8122880967271013,Humid Continental
